provider,plan_name,region,country,data_gb,validity_days,price,product_url,direction,voice_type,calls_included,sms_included,number_country,full_speed_gb,full_speed_period,post_cap_speed,hotspot,source_url,timestamp
Nomad,Unlimited 3d,Asia,Japan,unlimited,3,8.12,https://nomadesim.com/japan-eSIM,outbound,external_voip,,,,2,per_day,512kbps,yes,https://nomadesim.com/japan-eSIM,2026-09-05T00:00:00Z
Nomad,Unlimited 7d,Asia,Japan,unlimited,7,18.45,https://nomadesim.com/japan-eSIM,outbound,external_voip,,,,2,per_day,512kbps,yes,https://nomadesim.com/japan-eSIM,2026-09-05T00:00:00Z
Nomad,Unlimited 14d,Asia,Japan,unlimited,14,30.25,https://nomadesim.com/japan-eSIM,outbound,external_voip,,,,2,per_day,512kbps,yes,https://nomadesim.com/japan-eSIM,2026-09-05T00:00:00Z
Nomad,Unlimited 21d,Asia,Japan,unlimited,21,36.16,https://nomadesim.com/japan-eSIM,outbound,external_voip,,,,2,per_day,512kbps,yes,https://nomadesim.com/japan-eSIM,2026-09-05T00:00:00Z
Nomad,1GB 7d,Asia,Japan,1,7,2.95,https://nomadesim.com/japan-eSIM,outbound,external_voip,,,,,,,yes,https://nomadesim.com/japan-eSIM,2026-09-05T00:00:00Z
Nomad,3GB 30d,Asia,Japan,3,30,5.17,https://nomadesim.com/japan-eSIM,outbound,external_voip,,,,,,,yes,https://nomadesim.com/japan-eSIM,2026-09-05T00:00:00Z
Nomad,5GB 30d,Asia,Japan,5,30,7.38,https://nomadesim.com/japan-eSIM,outbound,external_voip,,,,,,,yes,https://nomadesim.com/japan-eSIM,2026-09-05T00:00:00Z
Nomad,10GB 30d,Asia,Japan,10,30,11.81,https://nomadesim.com/japan-eSIM,outbound,external_voip,,,,,,,yes,https://nomadesim.com/japan-eSIM,2026-09-05T00:00:00Z
Nomad,20GB 30d,Asia,Japan,20,30,16.97,https://nomadesim.com/japan-eSIM,outbound,external_voip,,,,,,,yes,https://nomadesim.com/japan-eSIM,2026-09-05T00:00:00Z
Nomad,50GB 30d,Asia,Japan,50,30,25.83,https://nomadesim.com/japan-eSIM,outbound,external_voip,,,,,,,yes,https://nomadesim.com/japan-eSIM,2026-09-05T00:00:00Z
Nomad,Unlimited 5d,Europe,Europe,unlimited,5,14.02,https://nomadesim.com/europe-eSIM,outbound,external_voip,,,,2,per_day,512kbps,yes,https://nomadesim.com/europe-eSIM,2026-09-05T00:00:00Z
Nomad,Unlimited 10d,Europe,Europe,unlimited,10,25.09,https://nomadesim.com/europe-eSIM,outbound,external_voip,,,,2,per_day,512kbps,yes,https://nomadesim.com/europe-eSIM,2026-09-05T00:00:00Z
Nomad,1GB 7d,Europe,Europe,1,7,4.06,https://nomadesim.com/europe-eSIM,outbound,external_voip,,,,,,,yes,https://nomadesim.com/europe-eSIM,2026-09-05T00:00:00Z
Nomad,3GB 30d,Europe,Europe,3,30,8.85,https://nomadesim.com/europe-eSIM,outbound,external_voip,,,,,,,yes,https://nomadesim.com/europe-eSIM,2026-09-05T00:00:00Z
Nomad,5GB 30d,Europe,Europe,5,30,12.91,https://nomadesim.com/europe-eSIM,outbound,external_voip,,,,,,,yes,https://nomadesim.com/europe-eSIM,2026-09-05T00:00:00Z
Nomad,10GB 30d,Europe,Europe,10,30,16.97,https://nomadesim.com/europe-eSIM,outbound,external_voip,,,,,,,yes,https://nomadesim.com/europe-eSIM,2026-09-05T00:00:00Z
Nomad,20GB 30d,Europe,Europe,20,30,19.92,https://nomadesim.com/europe-eSIM,outbound,external_voip,,,,,,,yes,https://nomadesim.com/europe-eSIM,2026-09-05T00:00:00Z
Nomad,50GB 30d,Europe,Europe,50,30,25.83,https://nomadesim.com/europe-eSIM,outbound,external_voip,,,,,,,yes,https://nomadesim.com/europe-eSIM,2026-09-05T00:00:00Z
Nomad,Unlimited 3d,North America,USA,unlimited,3,8.12,https://nomadesim.com/united-states-eSIM,outbound,external_voip,,,,2,per_day,512kbps,yes,https://nomadesim.com/united-states-eSIM,2026-09-05T00:00:00Z
Nomad,Unlimited 5d,North America,USA,unlimited,5,11.81,https://nomadesim.com/united-states-eSIM,outbound,external_voip,,,,2,per_day,512kbps,yes,https://nomadesim.com/united-states-eSIM,2026-09-05T00:00:00Z
Nomad,Unlimited 7d,North America,USA,unlimited,7,16.97,https://nomadesim.com/united-states-eSIM,outbound,external_voip,,,,2,per_day,512kbps,yes,https://nomadesim.com/united-states-eSIM,2026-09-05T00:00:00Z
Nomad,Unlimited 10d,North America,USA,unlimited,10,23.61,https://nomadesim.com/united-states-eSIM,outbound,external_voip,,,,2,per_day,512kbps,yes,https://nomadesim.com/united-states-eSIM,2026-09-05T00:00:00Z
Nomad,Unlimited 15d,North America,USA,unlimited,15,32.47,https://nomadesim.com/united-states-eSIM,outbound,external_voip,,,,2,per_day,512kbps,yes,https://nomadesim.com/united-states-eSIM,2026-09-05T00:00:00Z
Nomad,Unlimited 20d,North America,USA,unlimited,20,38.37,https://nomadesim.com/united-states-eSIM,outbound,external_voip,,,,2,per_day,512kbps,yes,https://nomadesim.com/united-states-eSIM,2026-09-05T00:00:00Z
Nomad,1GB 7d,North America,USA,1,7,3.69,https://nomadesim.com/united-states-eSIM,outbound,external_voip,,,,,,,yes,https://nomadesim.com/united-states-eSIM,2026-09-05T00:00:00Z
Nomad,3GB 30d,North America,USA,3,30,7.38,https://nomadesim.com/united-states-eSIM,outbound,external_voip,,,,,,,yes,https://nomadesim.com/united-states-eSIM,2026-09-05T00:00:00Z
Nomad,5GB 30d,North America,USA,5,30,11.81,https://nomadesim.com/united-states-eSIM,outbound,external_voip,,,,,,,yes,https://nomadesim.com/united-states-eSIM,2026-09-05T00:00:00Z
Nomad,10GB 30d,North America,USA,10,30,18.45,https://nomadesim.com/united-states-eSIM,outbound,external_voip,,,,,,,yes,https://nomadesim.com/united-states-eSIM,2026-09-05T00:00:00Z
Nomad,20GB 30d,North America,USA,20,30,26.56,https://nomadesim.com/united-states-eSIM,outbound,external_voip,,,,,,,yes,https://nomadesim.com/united-states-eSIM,2026-09-05T00:00:00Z
Nomad,50GB 30d,North America,USA,50,30,30.25,https://nomadesim.com/united-states-eSIM,outbound,external_voip,,,,,,,yes,https://nomadesim.com/united-states-eSIM,2026-09-05T00:00:00Z
Nomad,75GB 180d,North America,USA,75,180,65.67,https://nomadesim.com/united-states-eSIM,outbound,external_voip,,,,,,,yes,https://nomadesim.com/united-states-eSIM,2026-09-05T00:00:00Z
Nomad,100GB 365d,North America,USA,100,365,88.55,https://nomadesim.com/united-states-eSIM,outbound,external_voip,,,,,,,yes,https://nomadesim.com/united-states-eSIM,2026-09-05T00:00:00Z
Nomad,Unlimited 10d,Asia,Thailand,unlimited,10,11.81,https://nomadesim.com/thailand-eSIM,outbound,external_voip,,,,2,per_day,512kbps,yes,https://nomadesim.com/thailand-eSIM,2026-09-05T00:00:00Z
Nomad,Unlimited 15d,Asia,Thailand,unlimited,15,15.50,https://nomadesim.com/thailand-eSIM,outbound,external_voip,,,,2,per_day,512kbps,yes,https://nomadesim.com/thailand-eSIM,2026-09-05T00:00:00Z
Nomad,Unlimited 30d,Asia,Thailand,unlimited,30,24.35,https://nomadesim.com/thailand-eSIM,outbound,external_voip,,,,2,per_day,512kbps,yes,https://nomadesim.com/thailand-eSIM,2026-09-05T00:00:00Z
Nomad,1GB 7d,Asia,Thailand,1,7,3.69,https://nomadesim.com/thailand-eSIM,outbound,external_voip,,,,,,,yes,https://nomadesim.com/thailand-eSIM,2026-09-05T00:00:00Z
Nomad,3GB 30d,Asia,Thailand,3,30,4.43,https://nomadesim.com/thailand-eSIM,outbound,external_voip,,,,,,,yes,https://nomadesim.com/thailand-eSIM,2026-09-05T00:00:00Z
Nomad,5GB 30d,Asia,Thailand,5,30,5.90,https://nomadesim.com/thailand-eSIM,outbound,external_voip,,,,,,,yes,https://nomadesim.com/thailand-eSIM,2026-09-05T00:00:00Z
Nomad,10GB 30d,Asia,Thailand,10,30,7.38,https://nomadesim.com/thailand-eSIM,outbound,external_voip,,,,,,,yes,https://nomadesim.com/thailand-eSIM,2026-09-05T00:00:00Z
Nomad,50GB 10d,Asia,Thailand,50,10,8.85,https://nomadesim.com/thailand-eSIM,outbound,external_voip,,,,,,,yes,https://nomadesim.com/thailand-eSIM,2026-09-05T00:00:00Z
Nomad,1GB 7d,Global,Global,1,7,8.85,https://nomadesim.com/global-eSIM,outbound,external_voip,,,,,,,yes,https://nomadesim.com/global-eSIM,2026-09-05T00:00:00Z
Nomad,3GB 30d,Global,Global,3,30,18.45,https://nomadesim.com/global-eSIM,outbound,external_voip,,,,,,,yes,https://nomadesim.com/global-eSIM,2026-09-05T00:00:00Z
Nomad,5GB 30d,Global,Global,5,30,29.52,https://nomadesim.com/global-eSIM,outbound,external_voip,,,,,,,yes,https://nomadesim.com/global-eSIM,2026-09-05T00:00:00Z
Nomad,10GB 30d,Global,Global,10,30,45.75,https://nomadesim.com/global-eSIM,outbound,external_voip,,,,,,,yes,https://nomadesim.com/global-eSIM,2026-09-05T00:00:00Z
Nomad,20GB 30d,Global,Global,20,30,76.00,https://nomadesim.com/global-eSIM,outbound,external_voip,,,,,,,yes,https://nomadesim.com/global-eSIM,2026-09-05T00:00:00Z
Holafly,Unlimited 1d,Asia,Japan,unlimited,1,4,https://esim.holafly.com/esim-japan/,outbound,external_voip,,,,,,unpublished,1GB/day,https://esim.holafly.com/esim-japan/,2026-09-05T00:00:00Z
Holafly,Unlimited 3d,Asia,Japan,unlimited,3,10,https://esim.holafly.com/esim-japan/,outbound,external_voip,,,,,,unpublished,1GB/day,https://esim.holafly.com/esim-japan/,2026-09-05T00:00:00Z
Holafly,Unlimited 5d,Asia,Japan,unlimited,5,16,https://esim.holafly.com/esim-japan/,outbound,external_voip,,,,,,unpublished,1GB/day,https://esim.holafly.com/esim-japan/,2026-09-05T00:00:00Z
Holafly,Unlimited 7d,Asia,Japan,unlimited,7,22,https://esim.holafly.com/esim-japan/,outbound,external_voip,,,,,,unpublished,1GB/day,https://esim.holafly.com/esim-japan/,2026-09-05T00:00:00Z
Holafly,Unlimited 10d,Asia,Japan,unlimited,10,30,https://esim.holafly.com/esim-japan/,outbound,external_voip,,,,,,unpublished,1GB/day,https://esim.holafly.com/esim-japan/,2026-09-05T00:00:00Z
Holafly,Unlimited 15d,Asia,Japan,unlimited,15,41,https://esim.holafly.com/esim-japan/,outbound,external_voip,,,,,,unpublished,1GB/day,https://esim.holafly.com/esim-japan/,2026-09-05T00:00:00Z
Holafly,Unlimited 20d,Asia,Japan,unlimited,20,49,https://esim.holafly.com/esim-japan/,outbound,external_voip,,,,,,unpublished,1GB/day,https://esim.holafly.com/esim-japan/,2026-09-05T00:00:00Z
Holafly,Unlimited 30d,Asia,Japan,unlimited,30,60,https://esim.holafly.com/esim-japan/,outbound,external_voip,,,,,,unpublished,1GB/day,https://esim.holafly.com/esim-japan/,2026-09-05T00:00:00Z
Holafly,Unlimited 60d,Asia,Japan,unlimited,60,86,https://esim.holafly.com/esim-japan/,outbound,external_voip,,,,,,unpublished,1GB/day,https://esim.holafly.com/esim-japan/,2026-09-05T00:00:00Z
Holafly,Unlimited 90d,Asia,Japan,unlimited,90,111,https://esim.holafly.com/esim-japan/,outbound,external_voip,,,,,,unpublished,1GB/day,https://esim.holafly.com/esim-japan/,2026-09-05T00:00:00Z
Holafly,Unlimited 1d,Europe,Europe,unlimited,1,4,https://esim.holafly.com/esim-europe/,outbound,external_voip,,,,,,unpublished,1GB/day,https://esim.holafly.com/esim-europe/,2026-09-05T00:00:00Z
Holafly,Unlimited 3d,Europe,Europe,unlimited,3,10,https://esim.holafly.com/esim-europe/,outbound,external_voip,,,,,,unpublished,1GB/day,https://esim.holafly.com/esim-europe/,2026-09-05T00:00:00Z
Holafly,Unlimited 5d,Europe,Europe,unlimited,5,16,https://esim.holafly.com/esim-europe/,outbound,external_voip,,,,,,unpublished,1GB/day,https://esim.holafly.com/esim-europe/,2026-09-05T00:00:00Z
Holafly,Unlimited 7d,Europe,Europe,unlimited,7,22,https://esim.holafly.com/esim-europe/,outbound,external_voip,,,,,,unpublished,1GB/day,https://esim.holafly.com/esim-europe/,2026-09-05T00:00:00Z
Holafly,Unlimited 10d,Europe,Europe,unlimited,10,30,https://esim.holafly.com/esim-europe/,outbound,external_voip,,,,,,unpublished,1GB/day,https://esim.holafly.com/esim-europe/,2026-09-05T00:00:00Z
Holafly,Unlimited 15d,Europe,Europe,unlimited,15,41,https://esim.holafly.com/esim-europe/,outbound,external_voip,,,,,,unpublished,1GB/day,https://esim.holafly.com/esim-europe/,2026-09-05T00:00:00Z
Holafly,Unlimited 20d,Europe,Europe,unlimited,20,49,https://esim.holafly.com/esim-europe/,outbound,external_voip,,,,,,unpublished,1GB/day,https://esim.holafly.com/esim-europe/,2026-09-05T00:00:00Z
Holafly,Unlimited 30d,Europe,Europe,unlimited,30,60,https://esim.holafly.com/esim-europe/,outbound,external_voip,,,,,,unpublished,1GB/day,https://esim.holafly.com/esim-europe/,2026-09-05T00:00:00Z
Holafly,Unlimited 60d,Europe,Europe,unlimited,60,86,https://esim.holafly.com/esim-europe/,outbound,external_voip,,,,,,unpublished,1GB/day,https://esim.holafly.com/esim-europe/,2026-09-05T00:00:00Z
Holafly,Unlimited 90d,Europe,Europe,unlimited,90,111,https://esim.holafly.com/esim-europe/,outbound,external_voip,,,,,,unpublished,1GB/day,https://esim.holafly.com/esim-europe/,2026-09-05T00:00:00Z
Holafly,Unlimited 1d,North America,USA,unlimited,1,4,https://esim.holafly.com/esim-usa/,outbound,external_voip,,,,,,unpublished,1GB/day,https://esim.holafly.com/esim-usa/,2026-09-05T00:00:00Z
Holafly,Unlimited 3d,North America,USA,unlimited,3,10,https://esim.holafly.com/esim-usa/,outbound,external_voip,,,,,,unpublished,1GB/day,https://esim.holafly.com/esim-usa/,2026-09-05T00:00:00Z
Holafly,Unlimited 5d,North America,USA,unlimited,5,16,https://esim.holafly.com/esim-usa/,outbound,external_voip,,,,,,unpublished,1GB/day,https://esim.holafly.com/esim-usa/,2026-09-05T00:00:00Z
Holafly,Unlimited 7d,North America,USA,unlimited,7,22,https://esim.holafly.com/esim-usa/,outbound,external_voip,,,,,,unpublished,1GB/day,https://esim.holafly.com/esim-usa/,2026-09-05T00:00:00Z
Holafly,Unlimited 10d,North America,USA,unlimited,10,30,https://esim.holafly.com/esim-usa/,outbound,external_voip,,,,,,unpublished,1GB/day,https://esim.holafly.com/esim-usa/,2026-09-05T00:00:00Z
Holafly,Unlimited 15d,North America,USA,unlimited,15,41,https://esim.holafly.com/esim-usa/,outbound,external_voip,,,,,,unpublished,1GB/day,https://esim.holafly.com/esim-usa/,2026-09-05T00:00:00Z
Holafly,Unlimited 20d,North America,USA,unlimited,20,49,https://esim.holafly.com/esim-usa/,outbound,external_voip,,,,,,unpublished,1GB/day,https://esim.holafly.com/esim-usa/,2026-09-05T00:00:00Z
Holafly,Unlimited 30d,North America,USA,unlimited,30,60,https://esim.holafly.com/esim-usa/,outbound,external_voip,,,,,,unpublished,1GB/day,https://esim.holafly.com/esim-usa/,2026-09-05T00:00:00Z
Holafly,Unlimited 60d,North America,USA,unlimited,60,86,https://esim.holafly.com/esim-usa/,outbound,external_voip,,,,,,unpublished,1GB/day,https://esim.holafly.com/esim-usa/,2026-09-05T00:00:00Z
Holafly,Unlimited 90d,North America,USA,unlimited,90,111,https://esim.holafly.com/esim-usa/,outbound,external_voip,,,,,,unpublished,1GB/day,https://esim.holafly.com/esim-usa/,2026-09-05T00:00:00Z
Holafly,Unlimited 1d,Asia,Thailand,unlimited,1,4,https://esim.holafly.com/esim-thailand/,outbound,external_voip,,,,,,unpublished,1GB/day,https://esim.holafly.com/esim-thailand/,2026-09-05T00:00:00Z
Holafly,Unlimited 3d,Asia,Thailand,unlimited,3,10,https://esim.holafly.com/esim-thailand/,outbound,external_voip,,,,,,unpublished,1GB/day,https://esim.holafly.com/esim-thailand/,2026-09-05T00:00:00Z
Holafly,Unlimited 5d,Asia,Thailand,unlimited,5,16,https://esim.holafly.com/esim-thailand/,outbound,external_voip,,,,,,unpublished,1GB/day,https://esim.holafly.com/esim-thailand/,2026-09-05T00:00:00Z
Holafly,Unlimited 7d,Asia,Thailand,unlimited,7,22,https://esim.holafly.com/esim-thailand/,outbound,external_voip,,,,,,unpublished,1GB/day,https://esim.holafly.com/esim-thailand/,2026-09-05T00:00:00Z
Holafly,Unlimited 10d,Asia,Thailand,unlimited,10,30,https://esim.holafly.com/esim-thailand/,outbound,external_voip,,,,,,unpublished,1GB/day,https://esim.holafly.com/esim-thailand/,2026-09-05T00:00:00Z
Holafly,Unlimited 15d,Asia,Thailand,unlimited,15,41,https://esim.holafly.com/esim-thailand/,outbound,external_voip,,,,,,unpublished,1GB/day,https://esim.holafly.com/esim-thailand/,2026-09-05T00:00:00Z
Holafly,Unlimited 20d,Asia,Thailand,unlimited,20,49,https://esim.holafly.com/esim-thailand/,outbound,external_voip,,,,,,unpublished,1GB/day,https://esim.holafly.com/esim-thailand/,2026-09-05T00:00:00Z
Holafly,Unlimited 30d,Asia,Thailand,unlimited,30,60,https://esim.holafly.com/esim-thailand/,outbound,external_voip,,,,,,unpublished,1GB/day,https://esim.holafly.com/esim-thailand/,2026-09-05T00:00:00Z
Holafly,Unlimited 60d,Asia,Thailand,unlimited,60,86,https://esim.holafly.com/esim-thailand/,outbound,external_voip,,,,,,unpublished,1GB/day,https://esim.holafly.com/esim-thailand/,2026-09-05T00:00:00Z
Holafly,Unlimited 90d,Asia,Thailand,unlimited,90,111,https://esim.holafly.com/esim-thailand/,outbound,external_voip,,,,,,unpublished,1GB/day,https://esim.holafly.com/esim-thailand/,2026-09-05T00:00:00Z
Saily,1GB 7d,Asia,Japan,1,7,2.99,https://saily.com/esim-japan/,outbound,external_voip,,,,,,,yes,https://saily.com/esim-japan/,2026-09-05T00:00:00Z
Saily,3GB 30d,Asia,Japan,3,30,5.99,https://saily.com/esim-japan/,outbound,external_voip,,,,,,,yes,https://saily.com/esim-japan/,2026-09-05T00:00:00Z
Saily,5GB 30d,Asia,Japan,5,30,8.49,https://saily.com/esim-japan/,outbound,external_voip,,,,,,,yes,https://saily.com/esim-japan/,2026-09-05T00:00:00Z
Saily,10GB 30d,Asia,Japan,10,30,13.99,https://saily.com/esim-japan/,outbound,external_voip,,,,,,,yes,https://saily.com/esim-japan/,2026-09-05T00:00:00Z
Saily,20GB 30d,Asia,Japan,20,30,19.49,https://saily.com/esim-japan/,outbound,external_voip,,,,,,,yes,https://saily.com/esim-japan/,2026-09-05T00:00:00Z
Saily,Unlimited 5d,Asia,Japan,unlimited,5,14.49,https://saily.com/esim-japan/,outbound,external_voip,,,,5,per_day,1Mbps,yes,https://saily.com/esim-japan/,2026-09-05T00:00:00Z
Saily,Unlimited 7d,Asia,Japan,unlimited,7,20.99,https://saily.com/esim-japan/,outbound,external_voip,,,,5,per_day,1Mbps,yes,https://saily.com/esim-japan/,2026-09-05T00:00:00Z
Saily,Unlimited 10d,Asia,Japan,unlimited,10,26.99,https://saily.com/esim-japan/,outbound,external_voip,,,,5,per_day,1Mbps,yes,https://saily.com/esim-japan/,2026-09-05T00:00:00Z
Saily,Unlimited 15d,Asia,Japan,unlimited,15,37.49,https://saily.com/esim-japan/,outbound,external_voip,,,,5,per_day,1Mbps,yes,https://saily.com/esim-japan/,2026-09-05T00:00:00Z
Saily,Unlimited 20d,Asia,Japan,unlimited,20,45.99,https://saily.com/esim-japan/,outbound,external_voip,,,,5,per_day,1Mbps,yes,https://saily.com/esim-japan/,2026-09-05T00:00:00Z
Saily,Unlimited 25d,Asia,Japan,unlimited,25,50.99,https://saily.com/esim-japan/,outbound,external_voip,,,,5,per_day,1Mbps,yes,https://saily.com/esim-japan/,2026-09-05T00:00:00Z
Saily,Unlimited 30d,Asia,Japan,unlimited,30,55.49,https://saily.com/esim-japan/,outbound,external_voip,,,,5,per_day,1Mbps,yes,https://saily.com/esim-japan/,2026-09-05T00:00:00Z
Saily,1GB 7d,Europe,Europe,1,7,3.99,https://saily.com/esim-europe/,outbound,external_voip,,,,,,,yes,https://saily.com/esim-europe/,2026-09-05T00:00:00Z
Saily,3GB 30d,Europe,Europe,3,30,9.49,https://saily.com/esim-europe/,outbound,external_voip,,,,,,,yes,https://saily.com/esim-europe/,2026-09-05T00:00:00Z
Saily,5GB 30d,Europe,Europe,5,30,14.99,https://saily.com/esim-europe/,outbound,external_voip,,,,,,,yes,https://saily.com/esim-europe/,2026-09-05T00:00:00Z
Saily,10GB 30d,Europe,Europe,10,30,27.49,https://saily.com/esim-europe/,outbound,external_voip,,,,,,,yes,https://saily.com/esim-europe/,2026-09-05T00:00:00Z
Saily,50GB 90d,Europe,Europe,50,90,73.99,https://saily.com/esim-europe/,outbound,external_voip,,,,,,,yes,https://saily.com/esim-europe/,2026-09-05T00:00:00Z
Saily,Unlimited 7d,Europe,Europe,unlimited,7,20.99,https://saily.com/esim-europe/,outbound,external_voip,,,,3,per_day,1Mbps,yes,https://saily.com/esim-europe/,2026-09-05T00:00:00Z
Saily,Unlimited 10d,Europe,Europe,unlimited,10,27.49,https://saily.com/esim-europe/,outbound,external_voip,,,,3,per_day,1Mbps,yes,https://saily.com/esim-europe/,2026-09-05T00:00:00Z
Saily,Unlimited 15d,Europe,Europe,unlimited,15,38.49,https://saily.com/esim-europe/,outbound,external_voip,,,,3,per_day,1Mbps,yes,https://saily.com/esim-europe/,2026-09-05T00:00:00Z
Saily,Unlimited 20d,Europe,Europe,unlimited,20,45.99,https://saily.com/esim-europe/,outbound,external_voip,,,,3,per_day,1Mbps,yes,https://saily.com/esim-europe/,2026-09-05T00:00:00Z
Saily,Unlimited 25d,Europe,Europe,unlimited,25,50.99,https://saily.com/esim-europe/,outbound,external_voip,,,,3,per_day,1Mbps,yes,https://saily.com/esim-europe/,2026-09-05T00:00:00Z
Saily,Unlimited 30d,Europe,Europe,unlimited,30,55.49,https://saily.com/esim-europe/,outbound,external_voip,,,,3,per_day,1Mbps,yes,https://saily.com/esim-europe/,2026-09-05T00:00:00Z
Saily,1GB 7d,North America,USA,1,7,2.99,https://saily.com/esim-united-states/,outbound,external_voip,,,,,,,yes,https://saily.com/esim-united-states/,2026-09-05T00:00:00Z
Saily,3GB 30d,North America,USA,3,30,6.99,https://saily.com/esim-united-states/,outbound,external_voip,,,,,,,yes,https://saily.com/esim-united-states/,2026-09-05T00:00:00Z
Saily,5GB 30d,North America,USA,5,30,10.99,https://saily.com/esim-united-states/,outbound,external_voip,,,,,,,yes,https://saily.com/esim-united-states/,2026-09-05T00:00:00Z
Saily,10GB 30d,North America,USA,10,30,17.49,https://saily.com/esim-united-states/,outbound,external_voip,,,,,,,yes,https://saily.com/esim-united-states/,2026-09-05T00:00:00Z
Saily,20GB 30d,North America,USA,20,30,28.49,https://saily.com/esim-united-states/,outbound,external_voip,,,,,,,yes,https://saily.com/esim-united-states/,2026-09-05T00:00:00Z
Saily,Unlimited 5d,North America,USA,unlimited,5,13.99,https://saily.com/esim-united-states/,outbound,external_voip,,,,5,per_day,1Mbps,yes,https://saily.com/esim-united-states/,2026-09-05T00:00:00Z
Saily,Unlimited 7d,North America,USA,unlimited,7,18.99,https://saily.com/esim-united-states/,outbound,external_voip,,,,5,per_day,1Mbps,yes,https://saily.com/esim-united-states/,2026-09-05T00:00:00Z
Saily,Unlimited 10d,North America,USA,unlimited,10,25.99,https://saily.com/esim-united-states/,outbound,external_voip,,,,5,per_day,1Mbps,yes,https://saily.com/esim-united-states/,2026-09-05T00:00:00Z
Saily,Unlimited 15d,North America,USA,unlimited,15,35.49,https://saily.com/esim-united-states/,outbound,external_voip,,,,5,per_day,1Mbps,yes,https://saily.com/esim-united-states/,2026-09-05T00:00:00Z
Saily,Unlimited 20d,North America,USA,unlimited,20,43.99,https://saily.com/esim-united-states/,outbound,external_voip,,,,5,per_day,1Mbps,yes,https://saily.com/esim-united-states/,2026-09-05T00:00:00Z
Saily,Unlimited 25d,North America,USA,unlimited,25,48.49,https://saily.com/esim-united-states/,outbound,external_voip,,,,5,per_day,1Mbps,yes,https://saily.com/esim-united-states/,2026-09-05T00:00:00Z
Saily,Unlimited 30d,North America,USA,unlimited,30,52.49,https://saily.com/esim-united-states/,outbound,external_voip,,,,5,per_day,1Mbps,yes,https://saily.com/esim-united-states/,2026-09-05T00:00:00Z
Saily,1GB 7d,Asia,Thailand,1,7,2.49,https://saily.com/esim-thailand/,outbound,external_voip,,,,,,,yes,https://saily.com/esim-thailand/,2026-09-05T00:00:00Z
Saily,3GB 30d,Asia,Thailand,3,30,4.49,https://saily.com/esim-thailand/,outbound,external_voip,,,,,,,yes,https://saily.com/esim-thailand/,2026-09-05T00:00:00Z
Saily,5GB 30d,Asia,Thailand,5,30,5.99,https://saily.com/esim-thailand/,outbound,external_voip,,,,,,,yes,https://saily.com/esim-thailand/,2026-09-05T00:00:00Z
Saily,10GB 30d,Asia,Thailand,10,30,8.49,https://saily.com/esim-thailand/,outbound,external_voip,,,,,,,yes,https://saily.com/esim-thailand/,2026-09-05T00:00:00Z
Saily,20GB 30d,Asia,Thailand,20,30,15.49,https://saily.com/esim-thailand/,outbound,external_voip,,,,,,,yes,https://saily.com/esim-thailand/,2026-09-05T00:00:00Z
Saily,Unlimited 5d,Asia,Thailand,unlimited,5,11.49,https://saily.com/esim-thailand/,outbound,external_voip,,,,5,per_day,1Mbps,yes,https://saily.com/esim-thailand/,2026-09-05T00:00:00Z
Saily,Unlimited 7d,Asia,Thailand,unlimited,7,15.99,https://saily.com/esim-thailand/,outbound,external_voip,,,,5,per_day,1Mbps,yes,https://saily.com/esim-thailand/,2026-09-05T00:00:00Z
Saily,Unlimited 10d,Asia,Thailand,unlimited,10,23.99,https://saily.com/esim-thailand/,outbound,external_voip,,,,5,per_day,1Mbps,yes,https://saily.com/esim-thailand/,2026-09-05T00:00:00Z
Saily,Unlimited 15d,Asia,Thailand,unlimited,15,29.99,https://saily.com/esim-thailand/,outbound,external_voip,,,,5,per_day,1Mbps,yes,https://saily.com/esim-thailand/,2026-09-05T00:00:00Z
Saily,Unlimited 20d,Asia,Thailand,unlimited,20,33.99,https://saily.com/esim-thailand/,outbound,external_voip,,,,5,per_day,1Mbps,yes,https://saily.com/esim-thailand/,2026-09-05T00:00:00Z
Saily,Unlimited 25d,Asia,Thailand,unlimited,25,36.99,https://saily.com/esim-thailand/,outbound,external_voip,,,,5,per_day,1Mbps,yes,https://saily.com/esim-thailand/,2026-09-05T00:00:00Z
Saily,Unlimited 30d,Asia,Thailand,unlimited,30,37.49,https://saily.com/esim-thailand/,outbound,external_voip,,,,5,per_day,1Mbps,yes,https://saily.com/esim-thailand/,2026-09-05T00:00:00Z
Saily,1GB 7d,Global,Global,1,7,6.99,https://saily.com/esim-global/,outbound,external_voip,,,,,,,yes,https://saily.com/esim-global/,2026-09-05T00:00:00Z
Saily,2GB 15d,Global,Global,2,15,12.49,https://saily.com/esim-global/,outbound,external_voip,,,,,,,yes,https://saily.com/esim-global/,2026-09-05T00:00:00Z
Saily,5GB 60d,Global,Global,5,60,25.99,https://saily.com/esim-global/,outbound,external_voip,,,,,,,yes,https://saily.com/esim-global/,2026-09-05T00:00:00Z
Saily,10GB 180d,Global,Global,10,180,43.99,https://saily.com/esim-global/,outbound,external_voip,,,,,,,yes,https://saily.com/esim-global/,2026-09-05T00:00:00Z
Saily,20GB 365d,Global,Global,20,365,51.49,https://saily.com/esim-global/,outbound,external_voip,,,,,,,yes,https://saily.com/esim-global/,2026-09-05T00:00:00Z
Saily,50GB 365d,Global,Global,50,365,99.99,https://saily.com/esim-global/,outbound,external_voip,,,,,,,yes,https://saily.com/esim-global/,2026-09-05T00:00:00Z
Ubigi,1GB 3d,Asia,Japan,1,3,3,https://cellulardata.ubigi.com/data-plans-and-coverage/ubigi-esim-data-plans/?wmc-currency=GBP,outbound,external_voip,,,,,,,yes,https://cellulardata.ubigi.com/data-plans-and-coverage/ubigi-esim-data-plans/?wmc-currency=GBP,2026-09-05T00:00:00Z
Ubigi,1GB 30d,Asia,Japan,1,30,3.50,https://cellulardata.ubigi.com/data-plans-and-coverage/ubigi-esim-data-plans/?wmc-currency=GBP,outbound,external_voip,,,,,,,yes,https://cellulardata.ubigi.com/data-plans-and-coverage/ubigi-esim-data-plans/?wmc-currency=GBP,2026-09-05T00:00:00Z
Ubigi,3GB 15d,Asia,Japan,3,15,6.50,https://cellulardata.ubigi.com/data-plans-and-coverage/ubigi-esim-data-plans/?wmc-currency=GBP,outbound,external_voip,,,,,,,yes,https://cellulardata.ubigi.com/data-plans-and-coverage/ubigi-esim-data-plans/?wmc-currency=GBP,2026-09-05T00:00:00Z
Ubigi,5GB 15d,Asia,Japan,5,15,9,https://cellulardata.ubigi.com/data-plans-and-coverage/ubigi-esim-data-plans/?wmc-currency=GBP,outbound,external_voip,,,,,,,yes,https://cellulardata.ubigi.com/data-plans-and-coverage/ubigi-esim-data-plans/?wmc-currency=GBP,2026-09-05T00:00:00Z
Ubigi,10GB 7d,Asia,Japan,10,7,12,https://cellulardata.ubigi.com/data-plans-and-coverage/ubigi-esim-data-plans/?wmc-currency=GBP,outbound,external_voip,,,,,,,yes,https://cellulardata.ubigi.com/data-plans-and-coverage/ubigi-esim-data-plans/?wmc-currency=GBP,2026-09-05T00:00:00Z
Ubigi,10GB 30d,Asia,Japan,10,30,13.50,https://cellulardata.ubigi.com/data-plans-and-coverage/ubigi-esim-data-plans/?wmc-currency=GBP,outbound,external_voip,,,,,,,yes,https://cellulardata.ubigi.com/data-plans-and-coverage/ubigi-esim-data-plans/?wmc-currency=GBP,2026-09-05T00:00:00Z
Ubigi,25GB 30d,Asia,Japan,25,30,27,https://cellulardata.ubigi.com/data-plans-and-coverage/ubigi-esim-data-plans/?wmc-currency=GBP,outbound,external_voip,,,,,,,yes,https://cellulardata.ubigi.com/data-plans-and-coverage/ubigi-esim-data-plans/?wmc-currency=GBP,2026-09-05T00:00:00Z
Ubigi,50GB 30d,Asia,Japan,50,30,47,https://cellulardata.ubigi.com/data-plans-and-coverage/ubigi-esim-data-plans/?wmc-currency=GBP,outbound,external_voip,,,,,,,yes,https://cellulardata.ubigi.com/data-plans-and-coverage/ubigi-esim-data-plans/?wmc-currency=GBP,2026-09-05T00:00:00Z
Ubigi,Unlimited 8d,Asia,Japan,unlimited,8,22,https://cellulardata.ubigi.com/data-plans-and-coverage/ubigi-esim-data-plans/?wmc-currency=GBP,outbound,external_voip,,,,60,per_plan,2Mbps,yes,https://cellulardata.ubigi.com/data-plans-and-coverage/ubigi-esim-data-plans/?wmc-currency=GBP,2026-09-05T00:00:00Z
Ubigi,Unlimited 15d,Asia,Japan,unlimited,15,34,https://cellulardata.ubigi.com/data-plans-and-coverage/ubigi-esim-data-plans/?wmc-currency=GBP,outbound,external_voip,,,,60,per_plan,2Mbps,yes,https://cellulardata.ubigi.com/data-plans-and-coverage/ubigi-esim-data-plans/?wmc-currency=GBP,2026-09-05T00:00:00Z
Ubigi,Unlimited 30d,Asia,Japan,unlimited,30,56,https://cellulardata.ubigi.com/data-plans-and-coverage/ubigi-esim-data-plans/?wmc-currency=GBP,outbound,external_voip,,,,60,per_plan,2Mbps,yes,https://cellulardata.ubigi.com/data-plans-and-coverage/ubigi-esim-data-plans/?wmc-currency=GBP,2026-09-05T00:00:00Z
Ubigi,0.5GB 2d,Europe,Europe,0.5,2,2,https://cellulardata.ubigi.com/data-plans-and-coverage/ubigi-esim-data-plans/?wmc-currency=GBP,outbound,external_voip,,,,,,,yes,https://cellulardata.ubigi.com/data-plans-and-coverage/ubigi-esim-data-plans/?wmc-currency=GBP,2026-09-05T00:00:00Z
Ubigi,3GB 30d,Europe,Europe,3,30,6,https://cellulardata.ubigi.com/data-plans-and-coverage/ubigi-esim-data-plans/?wmc-currency=GBP,outbound,external_voip,,,,,,,yes,https://cellulardata.ubigi.com/data-plans-and-coverage/ubigi-esim-data-plans/?wmc-currency=GBP,2026-09-05T00:00:00Z
Ubigi,10GB 7d,Europe,Europe,10,7,10,https://cellulardata.ubigi.com/data-plans-and-coverage/ubigi-esim-data-plans/?wmc-currency=GBP,outbound,external_voip,,,,,,,yes,https://cellulardata.ubigi.com/data-plans-and-coverage/ubigi-esim-data-plans/?wmc-currency=GBP,2026-09-05T00:00:00Z
Ubigi,10GB 30d,Europe,Europe,10,30,13,https://cellulardata.ubigi.com/data-plans-and-coverage/ubigi-esim-data-plans/?wmc-currency=GBP,outbound,external_voip,,,,,,,yes,https://cellulardata.ubigi.com/data-plans-and-coverage/ubigi-esim-data-plans/?wmc-currency=GBP,2026-09-05T00:00:00Z
Ubigi,25GB 30d,Europe,Europe,25,30,24,https://cellulardata.ubigi.com/data-plans-and-coverage/ubigi-esim-data-plans/?wmc-currency=GBP,outbound,external_voip,,,,,,,yes,https://cellulardata.ubigi.com/data-plans-and-coverage/ubigi-esim-data-plans/?wmc-currency=GBP,2026-09-05T00:00:00Z
Ubigi,50GB 30d,Europe,Europe,50,30,62,https://cellulardata.ubigi.com/data-plans-and-coverage/ubigi-esim-data-plans/?wmc-currency=GBP,outbound,external_voip,,,,,,,yes,https://cellulardata.ubigi.com/data-plans-and-coverage/ubigi-esim-data-plans/?wmc-currency=GBP,2026-09-05T00:00:00Z
Ubigi,Unlimited 7d,Europe,Europe,unlimited,7,20,https://cellulardata.ubigi.com/data-plans-and-coverage/ubigi-esim-data-plans/?wmc-currency=GBP,outbound,external_voip,,,,25,per_plan,2Mbps,yes,https://cellulardata.ubigi.com/data-plans-and-coverage/ubigi-esim-data-plans/?wmc-currency=GBP,2026-09-05T00:00:00Z
Ubigi,Unlimited 15d,Europe,Europe,unlimited,15,30,https://cellulardata.ubigi.com/data-plans-and-coverage/ubigi-esim-data-plans/?wmc-currency=GBP,outbound,external_voip,,,,60,per_plan,2Mbps,yes,https://cellulardata.ubigi.com/data-plans-and-coverage/ubigi-esim-data-plans/?wmc-currency=GBP,2026-09-05T00:00:00Z
Ubigi,Unlimited 30d,Europe,Europe,unlimited,30,72,https://cellulardata.ubigi.com/data-plans-and-coverage/ubigi-esim-data-plans/?wmc-currency=GBP,outbound,external_voip,,,,60,per_plan,2Mbps,yes,https://cellulardata.ubigi.com/data-plans-and-coverage/ubigi-esim-data-plans/?wmc-currency=GBP,2026-09-05T00:00:00Z
Ubigi,0.5GB 1d,North America,USA,0.5,1,2.50,https://cellulardata.ubigi.com/data-plans-and-coverage/ubigi-esim-data-plans/?wmc-currency=GBP,outbound,external_voip,,,,,,,yes,https://cellulardata.ubigi.com/data-plans-and-coverage/ubigi-esim-data-plans/?wmc-currency=GBP,2026-09-05T00:00:00Z
Ubigi,1GB 7d,North America,USA,1,7,3.50,https://cellulardata.ubigi.com/data-plans-and-coverage/ubigi-esim-data-plans/?wmc-currency=GBP,outbound,external_voip,,,,,,,yes,https://cellulardata.ubigi.com/data-plans-and-coverage/ubigi-esim-data-plans/?wmc-currency=GBP,2026-09-05T00:00:00Z
Ubigi,3GB 15d,North America,USA,3,15,6,https://cellulardata.ubigi.com/data-plans-and-coverage/ubigi-esim-data-plans/?wmc-currency=GBP,outbound,external_voip,,,,,,,yes,https://cellulardata.ubigi.com/data-plans-and-coverage/ubigi-esim-data-plans/?wmc-currency=GBP,2026-09-05T00:00:00Z
Ubigi,10GB 7d,North America,USA,10,7,10,https://cellulardata.ubigi.com/data-plans-and-coverage/ubigi-esim-data-plans/?wmc-currency=GBP,outbound,external_voip,,,,,,,yes,https://cellulardata.ubigi.com/data-plans-and-coverage/ubigi-esim-data-plans/?wmc-currency=GBP,2026-09-05T00:00:00Z
Ubigi,10GB 30d,North America,USA,10,30,12,https://cellulardata.ubigi.com/data-plans-and-coverage/ubigi-esim-data-plans/?wmc-currency=GBP,outbound,external_voip,,,,,,,yes,https://cellulardata.ubigi.com/data-plans-and-coverage/ubigi-esim-data-plans/?wmc-currency=GBP,2026-09-05T00:00:00Z
Ubigi,25GB 30d,North America,USA,25,30,27,https://cellulardata.ubigi.com/data-plans-and-coverage/ubigi-esim-data-plans/?wmc-currency=GBP,outbound,external_voip,,,,,,,yes,https://cellulardata.ubigi.com/data-plans-and-coverage/ubigi-esim-data-plans/?wmc-currency=GBP,2026-09-05T00:00:00Z
Ubigi,50GB 30d,North America,USA,50,30,35,https://cellulardata.ubigi.com/data-plans-and-coverage/ubigi-esim-data-plans/?wmc-currency=GBP,outbound,external_voip,,,,,,,yes,https://cellulardata.ubigi.com/data-plans-and-coverage/ubigi-esim-data-plans/?wmc-currency=GBP,2026-09-05T00:00:00Z
Ubigi,Unlimited 1d,North America,USA,unlimited,1,8,https://cellulardata.ubigi.com/data-plans-and-coverage/ubigi-esim-data-plans/?wmc-currency=GBP,outbound,external_voip,,,,25,per_plan,2Mbps,yes,https://cellulardata.ubigi.com/data-plans-and-coverage/ubigi-esim-data-plans/?wmc-currency=GBP,2026-09-05T00:00:00Z
Ubigi,Unlimited 7d,North America,USA,unlimited,7,22,https://cellulardata.ubigi.com/data-plans-and-coverage/ubigi-esim-data-plans/?wmc-currency=GBP,outbound,external_voip,,,,25,per_plan,2Mbps,yes,https://cellulardata.ubigi.com/data-plans-and-coverage/ubigi-esim-data-plans/?wmc-currency=GBP,2026-09-05T00:00:00Z
Ubigi,Unlimited 15d,North America,USA,unlimited,15,34,https://cellulardata.ubigi.com/data-plans-and-coverage/ubigi-esim-data-plans/?wmc-currency=GBP,outbound,external_voip,,,,60,per_plan,2Mbps,yes,https://cellulardata.ubigi.com/data-plans-and-coverage/ubigi-esim-data-plans/?wmc-currency=GBP,2026-09-05T00:00:00Z
Ubigi,Unlimited 30d,North America,USA,unlimited,30,56,https://cellulardata.ubigi.com/data-plans-and-coverage/ubigi-esim-data-plans/?wmc-currency=GBP,outbound,external_voip,,,,60,per_plan,2Mbps,yes,https://cellulardata.ubigi.com/data-plans-and-coverage/ubigi-esim-data-plans/?wmc-currency=GBP,2026-09-05T00:00:00Z
Ubigi,1GB 7d,Asia,Thailand,1,7,3,https://cellulardata.ubigi.com/data-plans-and-coverage/ubigi-esim-data-plans/?wmc-currency=GBP,outbound,external_voip,,,,,,,yes,https://cellulardata.ubigi.com/data-plans-and-coverage/ubigi-esim-data-plans/?wmc-currency=GBP,2026-09-05T00:00:00Z
Ubigi,3GB 15d,Asia,Thailand,3,15,4,https://cellulardata.ubigi.com/data-plans-and-coverage/ubigi-esim-data-plans/?wmc-currency=GBP,outbound,external_voip,,,,,,,yes,https://cellulardata.ubigi.com/data-plans-and-coverage/ubigi-esim-data-plans/?wmc-currency=GBP,2026-09-05T00:00:00Z
Ubigi,10GB 7d,Asia,Thailand,10,7,8,https://cellulardata.ubigi.com/data-plans-and-coverage/ubigi-esim-data-plans/?wmc-currency=GBP,outbound,external_voip,,,,,,,yes,https://cellulardata.ubigi.com/data-plans-and-coverage/ubigi-esim-data-plans/?wmc-currency=GBP,2026-09-05T00:00:00Z
Ubigi,10GB 30d,Asia,Thailand,10,30,9,https://cellulardata.ubigi.com/data-plans-and-coverage/ubigi-esim-data-plans/?wmc-currency=GBP,outbound,external_voip,,,,,,,yes,https://cellulardata.ubigi.com/data-plans-and-coverage/ubigi-esim-data-plans/?wmc-currency=GBP,2026-09-05T00:00:00Z
Ubigi,25GB 30d,Asia,Thailand,25,30,21.90,https://cellulardata.ubigi.com/data-plans-and-coverage/ubigi-esim-data-plans/?wmc-currency=GBP,outbound,external_voip,,,,,,,yes,https://cellulardata.ubigi.com/data-plans-and-coverage/ubigi-esim-data-plans/?wmc-currency=GBP,2026-09-05T00:00:00Z
Ubigi,Unlimited 7d,Asia,Thailand,unlimited,7,19,https://cellulardata.ubigi.com/data-plans-and-coverage/ubigi-esim-data-plans/?wmc-currency=GBP,outbound,external_voip,,,,25,per_plan,2Mbps,yes,https://cellulardata.ubigi.com/data-plans-and-coverage/ubigi-esim-data-plans/?wmc-currency=GBP,2026-09-05T00:00:00Z
Ubigi,Unlimited 15d,Asia,Thailand,unlimited,15,30,https://cellulardata.ubigi.com/data-plans-and-coverage/ubigi-esim-data-plans/?wmc-currency=GBP,outbound,external_voip,,,,60,per_plan,2Mbps,yes,https://cellulardata.ubigi.com/data-plans-and-coverage/ubigi-esim-data-plans/?wmc-currency=GBP,2026-09-05T00:00:00Z
Ubigi,Unlimited 30d,Asia,Thailand,unlimited,30,42,https://cellulardata.ubigi.com/data-plans-and-coverage/ubigi-esim-data-plans/?wmc-currency=GBP,outbound,external_voip,,,,60,per_plan,2Mbps,yes,https://cellulardata.ubigi.com/data-plans-and-coverage/ubigi-esim-data-plans/?wmc-currency=GBP,2026-09-05T00:00:00Z
Ubigi,3GB 30d,Europe,UK,3,30,4,https://cellulardata.ubigi.com/data-plans-and-coverage/ubigi-esim-data-plans/?wmc-currency=GBP,inbound,external_voip,,,,,,,yes,https://cellulardata.ubigi.com/data-plans-and-coverage/ubigi-esim-data-plans/?wmc-currency=GBP,2026-09-05T00:00:00Z
Ubigi,10GB 7d,Europe,UK,10,7,8,https://cellulardata.ubigi.com/data-plans-and-coverage/ubigi-esim-data-plans/?wmc-currency=GBP,inbound,external_voip,,,,,,,yes,https://cellulardata.ubigi.com/data-plans-and-coverage/ubigi-esim-data-plans/?wmc-currency=GBP,2026-09-05T00:00:00Z
Ubigi,10GB 30d,Europe,UK,10,30,9,https://cellulardata.ubigi.com/data-plans-and-coverage/ubigi-esim-data-plans/?wmc-currency=GBP,inbound,external_voip,,,,,,,yes,https://cellulardata.ubigi.com/data-plans-and-coverage/ubigi-esim-data-plans/?wmc-currency=GBP,2026-09-05T00:00:00Z
Ubigi,25GB 30d,Europe,UK,25,30,19,https://cellulardata.ubigi.com/data-plans-and-coverage/ubigi-esim-data-plans/?wmc-currency=GBP,inbound,external_voip,,,,,,,yes,https://cellulardata.ubigi.com/data-plans-and-coverage/ubigi-esim-data-plans/?wmc-currency=GBP,2026-09-05T00:00:00Z
Ubigi,50GB 30d,Europe,UK,50,30,27,https://cellulardata.ubigi.com/data-plans-and-coverage/ubigi-esim-data-plans/?wmc-currency=GBP,inbound,external_voip,,,,,,,yes,https://cellulardata.ubigi.com/data-plans-and-coverage/ubigi-esim-data-plans/?wmc-currency=GBP,2026-09-05T00:00:00Z
Ubigi,Unlimited 1d,Europe,UK,unlimited,1,4,https://cellulardata.ubigi.com/data-plans-and-coverage/ubigi-esim-data-plans/?wmc-currency=GBP,inbound,external_voip,,,,25,per_plan,2Mbps,yes,https://cellulardata.ubigi.com/data-plans-and-coverage/ubigi-esim-data-plans/?wmc-currency=GBP,2026-09-05T00:00:00Z
Ubigi,Unlimited 7d,Europe,UK,unlimited,7,18,https://cellulardata.ubigi.com/data-plans-and-coverage/ubigi-esim-data-plans/?wmc-currency=GBP,inbound,external_voip,,,,25,per_plan,2Mbps,yes,https://cellulardata.ubigi.com/data-plans-and-coverage/ubigi-esim-data-plans/?wmc-currency=GBP,2026-09-05T00:00:00Z
Ubigi,Unlimited 15d,Europe,UK,unlimited,15,27,https://cellulardata.ubigi.com/data-plans-and-coverage/ubigi-esim-data-plans/?wmc-currency=GBP,inbound,external_voip,,,,60,per_plan,2Mbps,yes,https://cellulardata.ubigi.com/data-plans-and-coverage/ubigi-esim-data-plans/?wmc-currency=GBP,2026-09-05T00:00:00Z
Ubigi,Unlimited 30d,Europe,UK,unlimited,30,37,https://cellulardata.ubigi.com/data-plans-and-coverage/ubigi-esim-data-plans/?wmc-currency=GBP,inbound,external_voip,,,,60,per_plan,2Mbps,yes,https://cellulardata.ubigi.com/data-plans-and-coverage/ubigi-esim-data-plans/?wmc-currency=GBP,2026-09-05T00:00:00Z
Jetpac,5GB 30d,Asia,Japan,5,30,8.50,https://www.jetpacglobal.com/product-details/japan-esim,outbound,app_voip,,,,,,,yes,https://www.jetpacglobal.com/product-details/japan-esim,2026-09-05T00:00:00Z
Jetpac,10GB 30d,Asia,Japan,10,30,13.50,https://www.jetpacglobal.com/product-details/japan-esim,outbound,app_voip,,,,,,,yes,https://www.jetpacglobal.com/product-details/japan-esim,2026-09-05T00:00:00Z
Jetpac,15GB 30d,Asia,Japan,15,30,17.50,https://www.jetpacglobal.com/product-details/japan-esim,outbound,app_voip,,,,,,,yes,https://www.jetpacglobal.com/product-details/japan-esim,2026-09-05T00:00:00Z
Jetpac,20GB 30d,Asia,Japan,20,30,33,https://www.jetpacglobal.com/product-details/japan-esim,outbound,app_voip,,,,,,,yes,https://www.jetpacglobal.com/product-details/japan-esim,2026-09-05T00:00:00Z
Jetpac,30GB 30d,Asia,Japan,30,30,25,https://www.jetpacglobal.com/product-details/japan-esim,outbound,app_voip,,,,,,,yes,https://www.jetpacglobal.com/product-details/japan-esim,2026-09-05T00:00:00Z
Jetpac,40GB 30d,Asia,Japan,40,30,29,https://www.jetpacglobal.com/product-details/japan-esim,outbound,app_voip,,,,,,,yes,https://www.jetpacglobal.com/product-details/japan-esim,2026-09-05T00:00:00Z
Jetpac,Unlimited 30d,Asia,Japan,unlimited,30,54.50,https://www.jetpacglobal.com/product-details/japan-esim,outbound,app_voip,,,,3,per_day,1Mbps,yes,https://www.jetpacglobal.com/product-details/japan-esim,2026-09-05T00:00:00Z
Jetpac,5GB 30d,Europe,Europe,5,30,13.50,https://www.jetpacglobal.com/product-details/european-union-esim,outbound,app_voip,,,,,,,yes,https://www.jetpacglobal.com/product-details/european-union-esim,2026-09-05T00:00:00Z
Jetpac,10GB 30d,Europe,Europe,10,30,18.50,https://www.jetpacglobal.com/product-details/european-union-esim,outbound,app_voip,,,,,,,yes,https://www.jetpacglobal.com/product-details/european-union-esim,2026-09-05T00:00:00Z
Jetpac,15GB 30d,Europe,Europe,15,30,22.50,https://www.jetpacglobal.com/product-details/european-union-esim,outbound,app_voip,,,,,,,yes,https://www.jetpacglobal.com/product-details/european-union-esim,2026-09-05T00:00:00Z
Jetpac,20GB 30d,Europe,Europe,20,30,33,https://www.jetpacglobal.com/product-details/european-union-esim,outbound,app_voip,,,,,,,yes,https://www.jetpacglobal.com/product-details/european-union-esim,2026-09-05T00:00:00Z
Jetpac,30GB 30d,Europe,Europe,30,30,25,https://www.jetpacglobal.com/product-details/european-union-esim,outbound,app_voip,,,,,,,yes,https://www.jetpacglobal.com/product-details/european-union-esim,2026-09-05T00:00:00Z
Jetpac,40GB 30d,Europe,Europe,40,30,29,https://www.jetpacglobal.com/product-details/european-union-esim,outbound,app_voip,,,,,,,yes,https://www.jetpacglobal.com/product-details/european-union-esim,2026-09-05T00:00:00Z
Jetpac,Unlimited 30d,Europe,Europe,unlimited,30,54.50,https://www.jetpacglobal.com/product-details/european-union-esim,outbound,app_voip,,,,3,per_day,1Mbps,yes,https://www.jetpacglobal.com/product-details/european-union-esim,2026-09-05T00:00:00Z
Jetpac,5GB 30d,North America,USA,5,30,11,https://www.jetpacglobal.com/product-details/united-states-of-america-esim,outbound,app_voip,,,,,,,yes,https://www.jetpacglobal.com/product-details/united-states-of-america-esim,2026-09-05T00:00:00Z
Jetpac,10GB 30d,North America,USA,10,30,16,https://www.jetpacglobal.com/product-details/united-states-of-america-esim,outbound,app_voip,,,,,,,yes,https://www.jetpacglobal.com/product-details/united-states-of-america-esim,2026-09-05T00:00:00Z
Jetpac,15GB 30d,North America,USA,15,30,18.50,https://www.jetpacglobal.com/product-details/united-states-of-america-esim,outbound,app_voip,,,,,,,yes,https://www.jetpacglobal.com/product-details/united-states-of-america-esim,2026-09-05T00:00:00Z
Jetpac,20GB 30d,North America,USA,20,30,29,https://www.jetpacglobal.com/product-details/united-states-of-america-esim,outbound,app_voip,,,,,,,yes,https://www.jetpacglobal.com/product-details/united-states-of-america-esim,2026-09-05T00:00:00Z
Jetpac,30GB 30d,North America,USA,30,30,25,https://www.jetpacglobal.com/product-details/united-states-of-america-esim,outbound,app_voip,,,,,,,yes,https://www.jetpacglobal.com/product-details/united-states-of-america-esim,2026-09-05T00:00:00Z
Jetpac,40GB 30d,North America,USA,40,30,29,https://www.jetpacglobal.com/product-details/united-states-of-america-esim,outbound,app_voip,,,,,,,yes,https://www.jetpacglobal.com/product-details/united-states-of-america-esim,2026-09-05T00:00:00Z
Jetpac,Unlimited 30d,North America,USA,unlimited,30,56,https://www.jetpacglobal.com/product-details/united-states-of-america-esim,outbound,app_voip,,,,3,per_day,1Mbps,yes,https://www.jetpacglobal.com/product-details/united-states-of-america-esim,2026-09-05T00:00:00Z
Jetpac,5GB 30d,Asia,Thailand,5,30,6,https://www.jetpacglobal.com/product-details/thailand-esim,outbound,app_voip,,,,,,,yes,https://www.jetpacglobal.com/product-details/thailand-esim,2026-09-05T00:00:00Z
Jetpac,10GB 30d,Asia,Thailand,10,30,9.50,https://www.jetpacglobal.com/product-details/thailand-esim,outbound,app_voip,,,,,,,yes,https://www.jetpacglobal.com/product-details/thailand-esim,2026-09-05T00:00:00Z
Jetpac,15GB 30d,Asia,Thailand,15,30,10.50,https://www.jetpacglobal.com/product-details/thailand-esim,outbound,app_voip,,,,,,,yes,https://www.jetpacglobal.com/product-details/thailand-esim,2026-09-05T00:00:00Z
Jetpac,20GB 30d,Asia,Thailand,20,30,23,https://www.jetpacglobal.com/product-details/thailand-esim,outbound,app_voip,,,,,,,yes,https://www.jetpacglobal.com/product-details/thailand-esim,2026-09-05T00:00:00Z
Jetpac,30GB 30d,Asia,Thailand,30,30,20,https://www.jetpacglobal.com/product-details/thailand-esim,outbound,app_voip,,,,,,,yes,https://www.jetpacglobal.com/product-details/thailand-esim,2026-09-05T00:00:00Z
Jetpac,40GB 30d,Asia,Thailand,40,30,25,https://www.jetpacglobal.com/product-details/thailand-esim,outbound,app_voip,,,,,,,yes,https://www.jetpacglobal.com/product-details/thailand-esim,2026-09-05T00:00:00Z
Jetpac,Unlimited 30d,Asia,Thailand,unlimited,30,54.50,https://www.jetpacglobal.com/product-details/thailand-esim,outbound,app_voip,,,,3,per_day,1Mbps,yes,https://www.jetpacglobal.com/product-details/thailand-esim,2026-09-05T00:00:00Z
Sim Local,Three UK 20GB,Europe,UK,20,30,10,https://www.simlocal.com/plan-selection/united-kingdom,inbound,native,yes,yes,UK,,,,yes,https://www.simlocal.com/plan-selection/united-kingdom,2026-09-05T00:00:00Z
Sim Local,Three UK 100GB,Europe,UK,100,30,15,https://www.simlocal.com/plan-selection/united-kingdom,inbound,native,yes,yes,UK,,,,yes,https://www.simlocal.com/plan-selection/united-kingdom,2026-09-05T00:00:00Z
Sim Local,Three UK 200GB,Europe,UK,200,30,20,https://www.simlocal.com/plan-selection/united-kingdom,inbound,native,yes,yes,UK,,,,yes,https://www.simlocal.com/plan-selection/united-kingdom,2026-09-05T00:00:00Z
Sim Local,Three UK Unlimited 30d,Europe,UK,unlimited,30,35,https://www.simlocal.com/plan-selection/united-kingdom,inbound,native,yes,yes,UK,,,,yes,https://www.simlocal.com/plan-selection/united-kingdom,2026-09-05T00:00:00Z
Sim Local,Three UK Unlimited 90d,Europe,UK,unlimited,90,90,https://www.simlocal.com/plan-selection/united-kingdom,inbound,native,yes,yes,UK,,,,yes,https://www.simlocal.com/plan-selection/united-kingdom,2026-09-05T00:00:00Z
Sim Local,EE UK 30GB+80GB promo,Europe,UK,30,30,15,https://www.simlocal.com/plan-selection/united-kingdom,inbound,native,yes,yes,,,,,yes,https://www.simlocal.com/plan-selection/united-kingdom,2026-09-05T00:00:00Z
Sim Local,EE UK 100GB+150GB promo,Europe,UK,100,30,20,https://www.simlocal.com/plan-selection/united-kingdom,inbound,native,yes,yes,,,,,yes,https://www.simlocal.com/plan-selection/united-kingdom,2026-09-05T00:00:00Z
Sim Local,EE UK Unlimited 30d,Europe,UK,unlimited,30,40,https://www.simlocal.com/plan-selection/united-kingdom,inbound,native,yes,yes,,,,,yes,https://www.simlocal.com/plan-selection/united-kingdom,2026-09-05T00:00:00Z
Sim Local,Lycamobile 20GB,Europe,UK,20,15,10,https://www.simlocal.com/plan-selection/united-kingdom,inbound,native,yes,yes,,,,,yes,https://www.simlocal.com/plan-selection/united-kingdom,2026-09-05T00:00:00Z
Sim Local,Lycamobile 100GB,Europe,UK,100,15,20,https://www.simlocal.com/plan-selection/united-kingdom,inbound,native,yes,yes,,,,,yes,https://www.simlocal.com/plan-selection/united-kingdom,2026-09-05T00:00:00Z
Sim Local,AU Japan Unlimited 4d,Asia,Japan,unlimited,4,9.50,https://www.simlocal.com/plan-selection/japan,outbound,none,,,,,,,yes,https://www.simlocal.com/plan-selection/japan,2026-09-05T00:00:00Z
Sim Local,AU Japan Unlimited 7d,Asia,Japan,unlimited,7,14.00,https://www.simlocal.com/plan-selection/japan,outbound,none,,,,,,,yes,https://www.simlocal.com/plan-selection/japan,2026-09-05T00:00:00Z
Sim Local,AU Japan Unlimited 10d,Asia,Japan,unlimited,10,19.25,https://www.simlocal.com/plan-selection/japan,outbound,none,,,,,,,yes,https://www.simlocal.com/plan-selection/japan,2026-09-05T00:00:00Z
Sim Local,AU Japan Unlimited 15d,Asia,Japan,unlimited,15,28.75,https://www.simlocal.com/plan-selection/japan,outbound,none,,,,,,,yes,https://www.simlocal.com/plan-selection/japan,2026-09-05T00:00:00Z
Sim Local,AU Japan Unlimited 30d,Asia,Japan,unlimited,30,57.25,https://www.simlocal.com/plan-selection/japan,outbound,none,,,,,,,yes,https://www.simlocal.com/plan-selection/japan,2026-09-05T00:00:00Z
